{
  "$id": "health.schema.json",
  "$schema": "http://json-schema.org/draft-07/schema#",
  "description": "A representation of a Message",
  "type": "object",
  "additionalProperties": false,
  "required": [
    "health",
    "healthState"
  ],
  "properties": {
    "health": {
      "type": "string",
      "enum": [
        "NORMAL_0",
        "FAILURE_1",
        "CHECK_FUNCTION_2",
        "OFF_SPEC_3",
        "MAINTENANCE_REQUIRED_4"
    ]
    },
    "healthState": {
      "type": "integer",
      "minimum": 0,
      "maximum": 100
    }
  }
}