{
  "$schema": "http://json-schema.org/draft-07/schema#",
  "description": "A representation of an event",
  "type": "object",
  "additionalProperties": false,
  "properties": {
    "CorrelationId": {
      "type": "string",
      "description": "Correlation ID used for logging and as debug information"
    },
    "DataSetClassId": {
      "type": "string",
      "format": "uuid",
      "description": "Dataset Class ID"
    },
    "MessageId": {
      "type": "string",
      "description": "Message ID",
      "pattern": "^.{1,}-(Registry|OTConnector|Utility|Persistence|Aggregation|OOCConnector|ITConnector)\\/((urn:(?=.{4,255}$)([a-zA-Z0-9_]([a-zA-Z0-9_-]{0,61}[a-zA-Z0-9_])?\\.){1,126}[a-zA-Z0-9][a-zA-Z0-9-]{0,61}[a-zA-Z0-9]))(?:\\/[^\\/]+){3}$"
    },
    "Messages": {
      "type": "array",
      "description": "Messages Array",
      "items": {
        "$ref": "DataSetMessage.schema.json"
      }
    },
    "MessageType": {
      "type": "string",
      "enum": [
        "ua-data"
      ],
      "description": "Message Type"
    },
    "PublisherId": {
      "type": "string",
      "description": "Publisher ID",
      "pattern": "^(Registry|OTConnector|Utility|Persistence|Aggregation|OOCConnector|ITConnector)\\/((urn:(?=.{4,255}$)([a-zA-Z0-9_]([a-zA-Z0-9_-]{0,61}[a-zA-Z0-9_])?\\.){1,126}[a-zA-Z0-9][a-zA-Z0-9-]{0,61}[a-zA-Z0-9]))(?:\\/[^\\/]+){3}$"
    }
  },
  "required": [
    "MessageId",
    "MessageType",
    "PublisherId",
    "DataSetClassId",
    "Messages"
  ]
}