{
  "$id": "publicationList.schema.json",
  "$schema": "http://json-schema.org/draft-07/schema#",
  "description": "A representation of a Message",
  "type": "object",
  "additionalProperties": false,
  "required": [
    "publicationList"
  ],
  "properties": {
    "publicationList": {
      "type": "array",
      "items": {
        "$ref": "#/definitions/publicationListObject"
      }
    }
  },
  "definitions": {
    "publicationListObject": {
      "type": "object",
      "additionalProperties": false,
      "required": [
        "resource",
        "tag",
        "DataSetWriterId"
      ],
      "properties": {
        "resource": {
          "description": "Resource of publication",
          "$ref": "resources.schema.json"
        },
        "tag": {
          "description": "Tag of publication",
          "type": "string"
        },
        "DataSetWriterId": {
          "description": "DSWID-OI4ID",
          "$ref": "oi4Identifier.schema.json"
        },
        "status": {
          "type": "boolean"
        },
        "interval": {
          "description": "Interval???",
          "type": "integer",
          "minimum": 0
        },
        "precision": {
          "$ref": "#/definitions/precisionObject"
        },
        "config": {
          "description": "Config-ENUM(!)",
          "type": "string",
          "enum": [
            "NONE_0",
            "STATUS_1",
            "INTERVAL_2",
            "STATUS_AND_INTERVAL_3"
          ]
        }
      }
    },
    "precisionObject": {
      "type": "object",
      "additionalProperties": false,
      "patternProperties": {
        "^.*$": {
          "type": "number"
        }
      }
    }
  }
}