{
    "mam": "360ca8f3-5e66-42a2-8f10-9cdf45f4bf58",
    "health": "d8e7b6df-42ba-448a-975a-199f59e8ffeb",
    "license": "2ae0505e-2830-4980-b65e-0bbdf08e2d45",
    "licenseText": "a6e6c727-4057-419f-b2ea-3fe9173e71cf",
    "rtLicense": "ebd12d4b-da1c-4671-ab86-db102fecc603",
    "event": "543ae05e-b6d9-4161-a0a3-350a0fac5976",
    "profile": "48017c6a-05c8-48d7-9d85-4b08bbb707f3",
    "config": "9d5983db-440d-4474-9fd7-1cd7a6c8b6c2",
    "publicationList": "217434d6-6e1e-4230-b907-f52bc9ffe152",
    "subscriptionList": "e5d68c47-c276-4929-8ab9-4c1090cac785"
}