{
  "MessageId": "42aaff52-0b89-4b6a-a2f7-27eb17624e2a",
  "MessageType": "ua-metadata",
  "PublisherId": "Hilscher",
  "DataSetWriterId": 0,
  "MetaData": [
    {
      "name": "SampleHostSensor",
      "dataSetClassId": "cd8d179a-fd2d-4ad4-ac6b-b0801722a4b6",
      "configurationVersion": {
        "majorVersion": 8,
        "minorVersion": 15
      },
      "description": {
        "Locale": "en-US",
        "Text": "HostSensor"
      },
      "fields": [
        {
          "name": "cpuUsage",
          "description": {
            "Locale": "en-US",
            "Text": "The load of the CPU"
          },
          "fieldFlags": 0,
          "builtInType": 3,
          "dataType": {
            "IdType": 0,
            "Id": 1
          },
          "valueRank": -1,
          "arrayDimension": [
            null
          ],
          "maxStringLength": 0,
          "dataSetFieldId": "27eb17624e2a-1234-0123-27eb17624e2a",
          "properties": [
            {
              "key": {
                "Name": "Unit",
                "Uri": 0
              },
              "value": "%"
            },
            {
              "key": {
                "Name": "Min",
                "Uri": 0
              },
              "value": 0
            },
            {
              "key": {
                "Name": "Max",
                "Uri": 0
              },
              "value": 100
            }
          ]
        },
        {
          "name": "memoryUsage",
          "description": {
            "Locale": "en-US",
            "Text": "The free Memory of the host"
          },
          "fieldFlags": 0,
          "builtInType": 11,
          "dataType": {
            "IdType": 0,
            "Id": 1
          },
          "valueRank": -1,
          "arrayDimension": [
            null
          ],
          "maxStringLength": 0,
          "dataSetFieldId": "27eb17624e2a-1234-0123-27eb17624e2b",
          "properties": [
            {
              "key": {
                "Name": "Unit",
                "Uri": 0
              },
              "value": "MB"
            },
            {
              "key": {
                "Name": "Min",
                "Uri": 0
              },
              "value": 0
            },
            {
              "key": {
                "Name": "Max",
                "Uri": 0
              },
              "value": 8192
            }
          ]
        },
        {
          "name": "driveUsage",
          "description": {
            "Locale": "en-US",
            "Text": "The usage of the host drive"
          },
          "fieldFlags": 0,
          "builtInType": 3,
          "dataType": {
            "IdType": 0,
            "Id": 1
          },
          "valueRank": -1,
          "arrayDimension": [
            null
          ],
          "maxStringLength": 0,
          "dataSetFieldId": "27eb17624e2a-1234-0123-27eb17624e2b",
          "properties": [
            {
              "key": {
                "Name": "Unit",
                "Uri": 0
              },
              "value": "MB"
            },
            {
              "key": {
                "Name": "Min",
                "Uri": 0
              },
              "value": 0
            },
            {
              "key": {
                "Name": "Max",
                "Uri": 0
              },
              "value": 100
            }
          ]
        },
        {
          "name": "readableHealth",
          "description": {
            "Locale": "en-US",
            "Text": "The health in human readable form"
          },
          "fieldFlags": 0,
          "builtInType": 12,
          "dataType": {
            "IdType": 0,
            "Id": 1
          },
          "valueRank": -1,
          "arrayDimension": [
            null
          ],
          "maxStringLength": 0,
          "dataSetFieldId": "27eb17624e2a-1234-0123-27eb17624e2b",
          "properties": [
          ]
        },
        {
          "name": "startTime",
          "description": {
            "Locale": "en-US",
            "Text": "The time when the container was started"
          },
          "fieldFlags": 0,
          "builtInType": 12,
          "dataType": {
            "IdType": 0,
            "Id": 1
          },
          "valueRank": -1,
          "arrayDimension": [
            null
          ],
          "maxStringLength": 0,
          "dataSetFieldId": "27eb17624e2a-1234-0123-27eb17624e2b",
          "properties": [
          ]
        },
        {
          "name": "running",
          "description": {
            "Locale": "en-US",
            "Text": "The state of the container"
          },
          "fieldFlags": 0,
          "builtInType": 1,
          "dataType": {
            "IdType": 0,
            "Id": 1
          },
          "valueRank": -1,
          "arrayDimension": [
            null
          ],
          "maxStringLength": 0,
          "dataSetFieldId": "27eb17624e2a-1234-0123-27eb17624e2b",
          "properties": [
          ]
        }
      ]
    }
  ]
}